id,song_name,popularity,song_duration_ms,explicit,id_artists,release_date,song_danceability,song_energy,song_key,song_loudness,song_mode,song_speechiness,song_acousticness,song_instrumentalness,song_liveness,song_valence,song_tempo,song_time_signature,artistes_followers,artistes_genres,artiste_name,artiste_popularity,genre_name,genre_mode,genre_acousticness,genre_danceability,genre_duration_ms,genre_energy,genre_instrumentalness,genre_liveness,genre_loudness,genre_speechiness,genre_tempo,genre_valence,genre_popularity,genre_key
4iJyoBOLtHqaGxP12qzhQI,Peaches (feat. Daniel Caesar & Giveon),100,198082,1,"['1uNFoZAHBGtllmzznpCI3s', '20wkVLutqVOYrc0kxFs7rA', '4fxd5Ee7UefO4CUXgwJ7IP']",2021-03-19,0.677,0.696,0,-6.181,1,0.119,0.321,0.0,0.42,0.464,90.03,4,946550.0,"['pop', 'r&b']",Giveon,91,pop,1,0.276872832108396,0.628348760934272,216336.259141607,0.611041167095579,0.0252984321067217,0.175072549176497,-6.97741263882268,0.08578437253634,119.649666093626,0.479474178078711,60.7459086908537,1
4iJyoBOLtHqaGxP12qzhQI,Peaches (feat. Daniel Caesar & Giveon),100,198082,1,"['1uNFoZAHBGtllmzznpCI3s', '20wkVLutqVOYrc0kxFs7rA', '4fxd5Ee7UefO4CUXgwJ7IP']",2021-03-19,0.677,0.696,0,-6.181,1,0.119,0.321,0.0,0.42,0.464,90.03,4,946550.0,"['pop', 'r&b']",Giveon,91,r&b,1,0.233348871159165,0.661261288711762,255282.189102732,0.585761575478262,0.013407294202512,0.167639941025081,-7.67984134749186,0.106403015826923,115.908006463022,0.52283955276389,49.4160696729342,1
4iJyoBOLtHqaGxP12qzhQI,Peaches (feat. Daniel Caesar & Giveon),100,198082,1,"['1uNFoZAHBGtllmzznpCI3s', '20wkVLutqVOYrc0kxFs7rA', '4fxd5Ee7UefO4CUXgwJ7IP']",2021-03-19,0.677,0.696,0,-6.181,1,0.119,0.321,0.0,0.42,0.464,90.03,4,2588034.0,"['canadian contemporary r&b', 'pop', 'r&b']",Daniel Caesar,89,pop,1,0.276872832108396,0.628348760934272,216336.259141607,0.611041167095579,0.0252984321067217,0.175072549176497,-6.97741263882268,0.08578437253634,119.649666093626,0.479474178078711,60.7459086908537,1
4iJyoBOLtHqaGxP12qzhQI,Peaches (feat. Daniel Caesar & Giveon),100,198082,1,"['1uNFoZAHBGtllmzznpCI3s', '20wkVLutqVOYrc0kxFs7rA', '4fxd5Ee7UefO4CUXgwJ7IP']",2021-03-19,0.677,0.696,0,-6.181,1,0.119,0.321,0.0,0.42,0.464,90.03,4,2588034.0,"['canadian contemporary r&b', 'pop', 'r&b']",Daniel Caesar,89,r&b,1,0.233348871159165,0.661261288711762,255282.189102732,0.585761575478262,0.013407294202512,0.167639941025081,-7.67984134749186,0.106403015826923,115.908006463022,0.52283955276389,49.4160696729342,1
4iJyoBOLtHqaGxP12qzhQI,Peaches (feat. Daniel Caesar & Giveon),100,198082,1,"['1uNFoZAHBGtllmzznpCI3s', '20wkVLutqVOYrc0kxFs7rA', '4fxd5Ee7UefO4CUXgwJ7IP']",2021-03-19,0.677,0.696,0,-6.181,1,0.119,0.321,0.0,0.42,0.464,90.03,4,44606973.0,"['canadian pop', 'pop', 'post-teen pop']",Justin Bieber,100,pop,1,0.276872832108396,0.628348760934272,216336.259141607,0.611041167095579,0.0252984321067217,0.175072549176497,-6.97741263882268,0.08578437253634,119.649666093626,0.479474178078711,60.7459086908537,1
7lPN2DXiMsVn7XUKtOW1CS,drivers license,99,242014,1,['1McMsnEElThX1knmY4oliG'],2021-01-08,0.585,0.436,10,-8.761,1,0.0601,0.721,1.31e-05,0.105,0.132,143.874,4,1444702.0,"['pop', 'post-teen pop']",Olivia Rodrigo,88,pop,1,0.276872832108396,0.628348760934272,216336.259141607,0.611041167095579,0.0252984321067217,0.175072549176497,-6.97741263882268,0.08578437253634,119.649666093626,0.479474178078711,60.7459086908537,1
5QO79kh1waicV47BqGRL3g,Save Your Tears,97,215627,1,['1Xyo4u8uXC1ZmMpatF05PJ'],2020-03-20,0.68,0.826,0,-5.487,1,0.0309,0.0212,1.24e-05,0.543,0.644,118.051,4,31308207.0,"['canadian contemporary r&b', 'canadian pop', 'pop']",The Weeknd,96,pop,1,0.276872832108396,0.628348760934272,216336.259141607,0.611041167095579,0.0252984321067217,0.175072549176497,-6.97741263882268,0.08578437253634,119.649666093626,0.479474178078711,60.7459086908537,1
6tDDoYIxWvMLTdKpjFkc1B,telepatía,97,160191,0,['1U1el3k54VvEUzo3ybLPlM'],2020-12-04,0.653,0.524,11,-9.016,0,0.0502,0.112,0.0,0.203,0.553,83.97,4,1698014.0,"['colombian pop', 'pop']",Kali Uchis,88,pop,1,0.276872832108396,0.628348760934272,216336.259141607,0.611041167095579,0.0252984321067217,0.175072549176497,-6.97741263882268,0.08578437253634,119.649666093626,0.479474178078711,60.7459086908537,1
0VjIjW4GlUZAMYd2vXMi3b,Blinding Lights,96,200040,0,['1Xyo4u8uXC1ZmMpatF05PJ'],2020-03-20,0.514,0.73,1,-5.934,1,0.0598,0.00146,9.54e-05,0.0897,0.334,171.005,4,31308207.0,"['canadian contemporary r&b', 'canadian pop', 'pop']",The Weeknd,96,pop,1,0.276872832108396,0.628348760934272,216336.259141607,0.611041167095579,0.0252984321067217,0.175072549176497,-6.97741263882268,0.08578437253634,119.649666093626,0.479474178078711,60.7459086908537,1
7MAibcTli4IisCtbHKrGMh,Leave The Door Open,96,242096,0,"['0du5cEVh5yTK9QJze8zA0C', '3jK9MiCrA42lLAdMGUZpwa', '6PvvGcCY2XtUcSRld1Wilr']",2021-03-05,0.586,0.616,5,-7.964,1,0.0324,0.182,0.0,0.0927,0.719,148.088,4,29899101.0,"['dance pop', 'pop', 'post-teen pop']",Bruno Mars,93,pop,1,0.276872832108396,0.628348760934272,216336.259141607,0.611041167095579,0.0252984321067217,0.175072549176497,-6.97741263882268,0.08578437253634,119.649666093626,0.479474178078711,60.7459086908537,1
6f3Slt0GbA2bPZlz0aIFXN,The Business,95,164000,0,['2o5jDhtHVPhrJdv3cEQ99Z'],2020-09-16,0.798,0.62,8,-7.079,0,0.232,0.414,0.0192,0.112,0.235,120.031,4,5527032.0,"['big room', 'brostep', 'dance pop', 'dutch edm', 'edm', 'house', 'pop', 'pop dance', 'slap house', 'trance', 'tropical house']",Tiësto,87,brostep,1,0.0499899928751834,0.595946219868405,248094.191467803,0.820298119811334,0.182113511076997,0.211612399068567,-4.81497329331525,0.114468421094009,129.991679787048,0.360222974030361,54.8271846493275,1
6f3Slt0GbA2bPZlz0aIFXN,The Business,95,164000,0,['2o5jDhtHVPhrJdv3cEQ99Z'],2020-09-16,0.798,0.62,8,-7.079,0,0.232,0.414,0.0192,0.112,0.235,120.031,4,5527032.0,"['big room', 'brostep', 'dance pop', 'dutch edm', 'edm', 'house', 'pop', 'pop dance', 'slap house', 'trance', 'tropical house']",Tiësto,87,edm,1,0.106526864664142,0.621411099394387,238426.624313663,0.761778313936153,0.154063079192754,0.208694745109686,-5.65388785848828,0.086355307926193,126.244780386431,0.395328203396626,54.733592392671,11
6f3Slt0GbA2bPZlz0aIFXN,The Business,95,164000,0,['2o5jDhtHVPhrJdv3cEQ99Z'],2020-09-16,0.798,0.62,8,-7.079,0,0.232,0.414,0.0192,0.112,0.235,120.031,4,5527032.0,"['big room', 'brostep', 'dance pop', 'dutch edm', 'edm', 'house', 'pop', 'pop dance', 'slap house', 'trance', 'tropical house']",Tiësto,87,house,1,0.0964555793195327,0.678788501237524,255684.548094273,0.746817075668035,0.190348310728644,0.196682140660033,-6.39820663027591,0.0745507612207854,123.240104552118,0.480166669862697,50.4776789466711,11
6f3Slt0GbA2bPZlz0aIFXN,The Business,95,164000,0,['2o5jDhtHVPhrJdv3cEQ99Z'],2020-09-16,0.798,0.62,8,-7.079,0,0.232,0.414,0.0192,0.112,0.235,120.031,4,5527032.0,"['big room', 'brostep', 'dance pop', 'dutch edm', 'edm', 'house', 'pop', 'pop dance', 'slap house', 'trance', 'tropical house']",Tiësto,87,pop,1,0.276872832108396,0.628348760934272,216336.259141607,0.611041167095579,0.0252984321067217,0.175072549176497,-6.97741263882268,0.08578437253634,119.649666093626,0.479474178078711,60.7459086908537,1
6f3Slt0GbA2bPZlz0aIFXN,The Business,95,164000,0,['2o5jDhtHVPhrJdv3cEQ99Z'],2020-09-16,0.798,0.62,8,-7.079,0,0.232,0.414,0.0192,0.112,0.235,120.031,4,5527032.0,"['big room', 'brostep', 'dance pop', 'dutch edm', 'edm', 'house', 'pop', 'pop dance', 'slap house', 'trance', 'tropical house']",Tiësto,87,trance,0,0.0598807735486351,0.548762734113253,272788.47392761,0.824694024276377,0.385660954688252,0.251088219366178,-6.90147908771352,0.0588684223101005,129.808054654803,0.279583904542209,20.9262838468721,10
7Bk0uXKk1uPT0XuQbpFzvs,Fiel,94,261667,0,"['0n6sKrG0xKAf8xmdqeNGke', '3E6xrwgnVfYCrCs0ePERDz', '0EFisYRi20PTADoJrifHrz']",2021-02-04,0.849,0.701,6,-4.407,0,0.06,0.407,0.0,0.112,0.505,98.005,4,12177.0,"['latin', 'reggaeton', 'reggaeton flow', 'trap latino']",Los Legendarios,84,latin,1,0.30314951879502,0.688008695980562,247082.988875328,0.674301204282947,0.0198279749934128,0.185005253220915,-6.93522495376481,0.0841442411696175,122.501489465984,0.656259460717583,55.585574143177,9
7Bk0uXKk1uPT0XuQbpFzvs,Fiel,94,261667,0,"['0n6sKrG0xKAf8xmdqeNGke', '3E6xrwgnVfYCrCs0ePERDz', '0EFisYRi20PTADoJrifHrz']",2021-02-04,0.849,0.701,6,-4.407,0,0.06,0.407,0.0,0.112,0.505,98.005,4,12177.0,"['latin', 'reggaeton', 'reggaeton flow', 'trap latino']",Los Legendarios,84,reggaeton,1,0.2208037388991,0.739317689389721,267085.752392523,0.725147394098926,0.0223692101980854,0.18768615417369,-6.14823426202384,0.133107290293533,118.56701125386,0.648702400666282,60.3082841276239,1
60ynsPSSKe6O3sfwRnIBRf,Streets,94,226987,1,['5cj0lLjcoR7YOSnhnX0Po5'],2019-11-07,0.749,0.463,11,-8.433,1,0.0828,0.208,0.0371,0.337,0.19,90.028,4,6208117.0,"['dance pop', 'pop', 'pop rap']",Doja Cat,91,pop,1,0.276872832108396,0.628348760934272,216336.259141607,0.611041167095579,0.0252984321067217,0.175072549176497,-6.97741263882268,0.08578437253634,119.649666093626,0.479474178078711,60.7459086908537,1
3FAJ6O0NOHQV8Mc5Ri6ENp,Heartbreak Anniversary,94,198371,0,['4fxd5Ee7UefO4CUXgwJ7IP'],2020-03-27,0.449,0.465,0,-8.964,1,0.0791,0.524,1.02e-06,0.303,0.543,89.087,3,946550.0,"['pop', 'r&b']",Giveon,91,pop,1,0.276872832108396,0.628348760934272,216336.259141607,0.611041167095579,0.0252984321067217,0.175072549176497,-6.97741263882268,0.08578437253634,119.649666093626,0.479474178078711,60.7459086908537,1
3FAJ6O0NOHQV8Mc5Ri6ENp,Heartbreak Anniversary,94,198371,0,['4fxd5Ee7UefO4CUXgwJ7IP'],2020-03-27,0.449,0.465,0,-8.964,1,0.0791,0.524,1.02e-06,0.303,0.543,89.087,3,946550.0,"['pop', 'r&b']",Giveon,91,r&b,1,0.233348871159165,0.661261288711762,255282.189102732,0.585761575478262,0.013407294202512,0.167639941025081,-7.67984134749186,0.106403015826923,115.908006463022,0.52283955276389,49.4160696729342,1
7Bk0uXKk1uPT0XuQbpFzvs,Fiel,94,261667,0,"['0n6sKrG0xKAf8xmdqeNGke', '3E6xrwgnVfYCrCs0ePERDz', '0EFisYRi20PTADoJrifHrz']",2021-02-04,0.849,0.701,6,-4.407,0,0.06,0.407,0.0,0.112,0.505,98.005,4,6592838.0,"['latin', 'latin hip hop', 'reggaeton', 'trap latino', 'tropical']",Wisin,88,latin,1,0.30314951879502,0.688008695980562,247082.988875328,0.674301204282947,0.0198279749934128,0.185005253220915,-6.93522495376481,0.0841442411696175,122.501489465984,0.656259460717583,55.585574143177,9
7Bk0uXKk1uPT0XuQbpFzvs,Fiel,94,261667,0,"['0n6sKrG0xKAf8xmdqeNGke', '3E6xrwgnVfYCrCs0ePERDz', '0EFisYRi20PTADoJrifHrz']",2021-02-04,0.849,0.701,6,-4.407,0,0.06,0.407,0.0,0.112,0.505,98.005,4,6592838.0,"['latin', 'latin hip hop', 'reggaeton', 'trap latino', 'tropical']",Wisin,88,reggaeton,1,0.2208037388991,0.739317689389721,267085.752392523,0.725147394098926,0.0223692101980854,0.18768615417369,-6.14823426202384,0.133107290293533,118.56701125386,0.648702400666282,60.3082841276239,1
7Bk0uXKk1uPT0XuQbpFzvs,Fiel,94,261667,0,"['0n6sKrG0xKAf8xmdqeNGke', '3E6xrwgnVfYCrCs0ePERDz', '0EFisYRi20PTADoJrifHrz']",2021-02-04,0.849,0.701,6,-4.407,0,0.06,0.407,0.0,0.112,0.505,98.005,4,6592838.0,"['latin', 'latin hip hop', 'reggaeton', 'trap latino', 'tropical']",Wisin,88,tropical,1,0.34410350364965,0.704884637187167,262477.398284047,0.701133313515389,0.0233670341321276,0.182557130574822,-7.1459079622406,0.08293874726948,121.358160229642,0.745365345769021,50.6101909888024,7
1xK1Gg9SxG8fy2Ya373oqb,Bandido,94,232853,0,"['7iK8PXO48WeuP03g8YR51W', '2LmcxBak1alK1bf7d1beTr']",2020-12-10,0.713,0.617,8,-4.637,1,0.0887,0.122,0.0,0.0962,0.682,168.021,4,694929.0,"['reggaeton', 'reggaeton flow', 'trap latino']",Juhn,83,reggaeton,1,0.2208037388991,0.739317689389721,267085.752392523,0.725147394098926,0.0223692101980854,0.18768615417369,-6.14823426202384,0.133107290293533,118.56701125386,0.648702400666282,60.3082841276239,1
4cG7HUWYHBV6R6tHn1gxrl,Friday (feat. Mufasa & Hypeman) - Dopamine Re-Edit,94,169153,0,"['7i9j813KFoSBMldGqlh2Z1', '1gALaWbNDnwS2ECV09sn2A', '4L2dV3zY7RmkeiNO035Fi0', '3Edve4VIATi0OZngclQlkN']",2021-01-15,0.824,0.862,2,-3.424,1,0.126,0.0076,0.000132,0.303,0.801,122.98,4,69716.0,"['dance pop', 'house', 'pop dance', 'tropical house', 'uk dance']",Riton,81,house,1,0.0964555793195327,0.678788501237524,255684.548094273,0.746817075668035,0.190348310728644,0.196682140660033,-6.39820663027591,0.0745507612207854,123.240104552118,0.480166669862697,50.4776789466711,11
7Bk0uXKk1uPT0XuQbpFzvs,Fiel,94,261667,0,"['0n6sKrG0xKAf8xmdqeNGke', '3E6xrwgnVfYCrCs0ePERDz', '0EFisYRi20PTADoJrifHrz']",2021-02-04,0.849,0.701,6,-4.407,0,0.06,0.407,0.0,0.112,0.505,98.005,4,1917151.0,"['latin', 'reggaeton', 'trap latino']",Jhay Cortez,90,latin,1,0.30314951879502,0.688008695980562,247082.988875328,0.674301204282947,0.0198279749934128,0.185005253220915,-6.93522495376481,0.0841442411696175,122.501489465984,0.656259460717583,55.585574143177,9
7Bk0uXKk1uPT0XuQbpFzvs,Fiel,94,261667,0,"['0n6sKrG0xKAf8xmdqeNGke', '3E6xrwgnVfYCrCs0ePERDz', '0EFisYRi20PTADoJrifHrz']",2021-02-04,0.849,0.701,6,-4.407,0,0.06,0.407,0.0,0.112,0.505,98.005,4,1917151.0,"['latin', 'reggaeton', 'trap latino']",Jhay Cortez,90,reggaeton,1,0.2208037388991,0.739317689389721,267085.752392523,0.725147394098926,0.0223692101980854,0.18768615417369,-6.14823426202384,0.133107290293533,118.56701125386,0.648702400666282,60.3082841276239,1
2XIc1pqjXV3Cr2BQUGNBck,LA NOCHE DE ANOCHE,93,203201,0,"['4q3ewBCX7sLwd24euuV69X', '7ltDVBr6mKbRvohxheJ9h1']",2020-11-27,0.856,0.618,7,-4.892,1,0.286,0.0303,0.0,0.0866,0.391,81.993,4,32244734.0,"['latin', 'reggaeton', 'trap latino']",Bad Bunny,98,latin,1,0.30314951879502,0.688008695980562,247082.988875328,0.674301204282947,0.0198279749934128,0.185005253220915,-6.93522495376481,0.0841442411696175,122.501489465984,0.656259460717583,55.585574143177,9
2XIc1pqjXV3Cr2BQUGNBck,LA NOCHE DE ANOCHE,93,203201,0,"['4q3ewBCX7sLwd24euuV69X', '7ltDVBr6mKbRvohxheJ9h1']",2020-11-27,0.856,0.618,7,-4.892,1,0.286,0.0303,0.0,0.0866,0.391,81.993,4,32244734.0,"['latin', 'reggaeton', 'trap latino']",Bad Bunny,98,reggaeton,1,0.2208037388991,0.739317689389721,267085.752392523,0.725147394098926,0.0223692101980854,0.18768615417369,-6.14823426202384,0.133107290293533,118.56701125386,0.648702400666282,60.3082841276239,1
3YJJjQPAbDT7mGpX3WtQ9A,Good Days,93,279204,1,['7tYKF4w9nC0nq9CsPZTHyP'],2020-12-25,0.436,0.655,1,-8.37,0,0.0583,0.499,8.1e-06,0.688,0.412,121.002,4,5082658.0,"['pop', 'pop rap', 'r&b']",SZA,88,pop,1,0.276872832108396,0.628348760934272,216336.259141607,0.611041167095579,0.0252984321067217,0.175072549176497,-6.97741263882268,0.08578437253634,119.649666093626,0.479474178078711,60.7459086908537,1
3YJJjQPAbDT7mGpX3WtQ9A,Good Days,93,279204,1,['7tYKF4w9nC0nq9CsPZTHyP'],2020-12-25,0.436,0.655,1,-8.37,0,0.0583,0.499,8.1e-06,0.688,0.412,121.002,4,5082658.0,"['pop', 'pop rap', 'r&b']",SZA,88,r&b,1,0.233348871159165,0.661261288711762,255282.189102732,0.585761575478262,0.013407294202512,0.167639941025081,-7.67984134749186,0.106403015826923,115.908006463022,0.52283955276389,49.4160696729342,1
6ft4hAq6yde8jPZY2i5zLr,Paradise (feat. Dermot Kennedy),92,167903,0,"['0xRXCcSX89eobfrshSVdyu', '5KNNVgR6LBIABRIomyCwKJ']",2020-10-30,0.632,0.595,8,-7.644,0,0.0401,0.0689,0.0,0.209,0.435,124.114,4,406658.0,"['dance pop', 'edm', 'pop dance', 'pop house', 'tropical house']",MEDUZA,83,edm,1,0.106526864664142,0.621411099394387,238426.624313663,0.761778313936153,0.154063079192754,0.208694745109686,-5.65388785848828,0.086355307926193,126.244780386431,0.395328203396626,54.733592392671,11
47EiUVwUp4C9fGccaPuUCS,DÁKITI,92,205090,1,"['4q3ewBCX7sLwd24euuV69X', '0EFisYRi20PTADoJrifHrz']",2020-10-30,0.731,0.573,4,-10.059,0,0.0544,0.401,5.22e-05,0.113,0.145,109.928,4,32244734.0,"['latin', 'reggaeton', 'trap latino']",Bad Bunny,98,latin,1,0.30314951879502,0.688008695980562,247082.988875328,0.674301204282947,0.0198279749934128,0.185005253220915,-6.93522495376481,0.0841442411696175,122.501489465984,0.656259460717583,55.585574143177,9
47EiUVwUp4C9fGccaPuUCS,DÁKITI,92,205090,1,"['4q3ewBCX7sLwd24euuV69X', '0EFisYRi20PTADoJrifHrz']",2020-10-30,0.731,0.573,4,-10.059,0,0.0544,0.401,5.22e-05,0.113,0.145,109.928,4,32244734.0,"['latin', 'reggaeton', 'trap latino']",Bad Bunny,98,reggaeton,1,0.2208037388991,0.739317689389721,267085.752392523,0.725147394098926,0.0223692101980854,0.18768615417369,-6.14823426202384,0.133107290293533,118.56701125386,0.648702400666282,60.3082841276239,1
6UelLqGlWMcVH1E5c4H7lY,Watermelon Sugar,92,174000,0,['6KImCVD70vtIoJWnq6nGn3'],2019-12-13,0.548,0.816,0,-4.209,1,0.0465,0.122,0.0,0.335,0.557,95.39,4,14086781.0,"['pop', 'post-teen pop']",Harry Styles,90,pop,1,0.276872832108396,0.628348760934272,216336.259141607,0.611041167095579,0.0252984321067217,0.175072549176497,-6.97741263882268,0.08578437253634,119.649666093626,0.479474178078711,60.7459086908537,1
1XXimziG1uhM0eDNCZCrUl,Up,92,156945,1,['4kYSro6naA4h99UJvo89HB'],2021-02-05,0.868,0.795,11,-6.044,1,0.269,0.0012,0.0193,0.0461,0.819,166.0,4,15762250.0,"['pop', 'pop rap', 'post-teen pop', 'rap']",Cardi B,90,pop,1,0.276872832108396,0.628348760934272,216336.259141607,0.611041167095579,0.0252984321067217,0.175072549176497,-6.97741263882268,0.08578437253634,119.649666093626,0.479474178078711,60.7459086908537,1
1XXimziG1uhM0eDNCZCrUl,Up,92,156945,1,['4kYSro6naA4h99UJvo89HB'],2021-02-05,0.868,0.795,11,-6.044,1,0.269,0.0012,0.0193,0.0461,0.819,166.0,4,15762250.0,"['pop', 'pop rap', 'post-teen pop', 'rap']",Cardi B,90,rap,1,0.146257012502355,0.728287178698836,242422.228699424,0.66967045208239,0.0208346665719535,0.209076741649189,-7.35416547912111,0.204598125420429,116.208870606968,0.553397938986061,52.397892468801,1
4u4NyuceXP7Uzh7XFJKCr1,Hold On,92,170813,0,['1uNFoZAHBGtllmzznpCI3s'],2021-03-05,0.658,0.634,1,-5.797,0,0.0413,0.0106,0.0,0.132,0.29,139.98,4,44606973.0,"['canadian pop', 'pop', 'post-teen pop']",Justin Bieber,100,pop,1,0.276872832108396,0.628348760934272,216336.259141607,0.611041167095579,0.0252984321067217,0.175072549176497,-6.97741263882268,0.08578437253634,119.649666093626,0.479474178078711,60.7459086908537,1
35mvY5S1H3J2QZyna3TFe0,positions,92,172325,1,['66CXWjxzNUsdJxJ2JdwvnR'],2020-10-30,0.737,0.802,0,-4.771,1,0.0878,0.468,0.0,0.0931,0.682,144.015,4,61301006.0,"['pop', 'post-teen pop']",Ariana Grande,95,pop,1,0.276872832108396,0.628348760934272,216336.259141607,0.611041167095579,0.0252984321067217,0.175072549176497,-6.97741263882268,0.08578437253634,119.649666093626,0.479474178078711,60.7459086908537,1
6ft4hAq6yde8jPZY2i5zLr,Paradise (feat. Dermot Kennedy),92,167903,0,"['0xRXCcSX89eobfrshSVdyu', '5KNNVgR6LBIABRIomyCwKJ']",2020-10-30,0.632,0.595,8,-7.644,0,0.0401,0.0689,0.0,0.209,0.435,124.114,4,897961.0,"['folk-pop', 'irish pop', 'pop']",Dermot Kennedy,82,folk-pop,1,0.393097573763882,0.569047783980489,210499.400429961,0.526021384365562,0.040430112084801,0.14444700870086,-9.04751848133552,0.0491097135324705,111.813871582015,0.421016252902862,56.1268048826427,0
6ft4hAq6yde8jPZY2i5zLr,Paradise (feat. Dermot Kennedy),92,167903,0,"['0xRXCcSX89eobfrshSVdyu', '5KNNVgR6LBIABRIomyCwKJ']",2020-10-30,0.632,0.595,8,-7.644,0,0.0401,0.0689,0.0,0.209,0.435,124.114,4,897961.0,"['folk-pop', 'irish pop', 'pop']",Dermot Kennedy,82,pop,1,0.276872832108396,0.628348760934272,216336.259141607,0.611041167095579,0.0252984321067217,0.175072549176497,-6.97741263882268,0.08578437253634,119.649666093626,0.479474178078711,60.7459086908537,1
5YYW3yRktprLRr47WK219Y,Ella No Es Tuya - Remix,92,218107,0,"['4riOEaOW5hCeqomFDBk0aP', '7iK8PXO48WeuP03g8YR51W', '2UZIAOlrnyZmyzt1nuXr9y']",2021-02-03,0.585,0.611,6,-4.132,1,0.288,0.39,0.0,0.649,0.962,97.041,4,225742.0,"['dembow', 'rap dominicano', 'trap latino']",Rochy RD,79,dembow,1,0.108832142857143,0.855928571428571,205583.535714286,0.844392857142857,0.221468428571429,0.0746785714285714,-3.60778571428571,0.109653571428571,118.626928571429,0.733785714285714,62.1071428571429,0
47EiUVwUp4C9fGccaPuUCS,DÁKITI,92,205090,1,"['4q3ewBCX7sLwd24euuV69X', '0EFisYRi20PTADoJrifHrz']",2020-10-30,0.731,0.573,4,-10.059,0,0.0544,0.401,5.22e-05,0.113,0.145,109.928,4,1917151.0,"['latin', 'reggaeton', 'trap latino']",Jhay Cortez,90,latin,1,0.30314951879502,0.688008695980562,247082.988875328,0.674301204282947,0.0198279749934128,0.185005253220915,-6.93522495376481,0.0841442411696175,122.501489465984,0.656259460717583,55.585574143177,9
47EiUVwUp4C9fGccaPuUCS,DÁKITI,92,205090,1,"['4q3ewBCX7sLwd24euuV69X', '0EFisYRi20PTADoJrifHrz']",2020-10-30,0.731,0.573,4,-10.059,0,0.0544,0.401,5.22e-05,0.113,0.145,109.928,4,1917151.0,"['latin', 'reggaeton', 'trap latino']",Jhay Cortez,90,reggaeton,1,0.2208037388991,0.739317689389721,267085.752392523,0.725147394098926,0.0223692101980854,0.18768615417369,-6.14823426202384,0.133107290293533,118.56701125386,0.648702400666282,60.3082841276239,1
5uEYRdEIh9Bo4fpjDd4Na9,Goosebumps - Remix,92,162803,1,"['0Y5tJX1MQlPlqiwlOH1tJY', '2o08sCWF5yyo2G4DCiT7T9']",2021-01-15,0.841,0.593,1,-7.846,1,0.0379,0.418,0.0,0.124,0.808,124.917,4,16118616.0,"['rap', 'slap house']",Travis Scott,94,rap,1,0.146257012502355,0.728287178698836,242422.228699424,0.66967045208239,0.0208346665719535,0.209076741649189,-7.35416547912111,0.204598125420429,116.208870606968,0.553397938986061,52.397892468801,1
7ytR5pFWmSjzHJIeQkgog4,ROCKSTAR (feat. Roddy Ricch),91,181733,1,"['4r63FhuTkUYltbVAg5TQnk', '757aE44tKEUQEqRuT6GnEB']",2020-04-17,0.746,0.69,11,-7.956,1,0.164,0.247,0.0,0.101,0.497,89.977,4,6485079.0,"['north carolina hip hop', 'rap']",DaBaby,93,rap,1,0.146257012502355,0.728287178698836,242422.228699424,0.66967045208239,0.0208346665719535,0.209076741649189,-7.35416547912111,0.204598125420429,116.208870606968,0.553397938986061,52.397892468801,1
7vrJn5hDSXRmdXoR30KgF1,BICHOTA,91,178947,1,['790FomKkXshlbRYZFtlgla'],2020-10-23,0.863,0.666,1,-4.158,0,0.152,0.212,0.000493,0.103,0.838,163.908,4,15941533.0,"['latin', 'reggaeton', 'reggaeton colombiano', 'trap latino']",KAROL G,89,latin,1,0.30314951879502,0.688008695980562,247082.988875328,0.674301204282947,0.0198279749934128,0.185005253220915,-6.93522495376481,0.0841442411696175,122.501489465984,0.656259460717583,55.585574143177,9
7vrJn5hDSXRmdXoR30KgF1,BICHOTA,91,178947,1,['790FomKkXshlbRYZFtlgla'],2020-10-23,0.863,0.666,1,-4.158,0,0.152,0.212,0.000493,0.103,0.838,163.908,4,15941533.0,"['latin', 'reggaeton', 'reggaeton colombiano', 'trap latino']",KAROL G,89,reggaeton,1,0.2208037388991,0.739317689389721,267085.752392523,0.725147394098926,0.0223692101980854,0.18768615417369,-6.14823426202384,0.133107290293533,118.56701125386,0.648702400666282,60.3082841276239,1
45bE4HXI0AwGZXfZtMp8JR,you broke me first,91,169266,0,['45dkTj5sMRSjrmBSBeiHym'],2020-04-17,0.667,0.373,4,-9.389,1,0.05,0.785,0.0,0.0906,0.0823,124.148,4,1375271.0,"['alt z', 'electropop', 'pop', 'post-teen pop']",Tate McRae,83,electropop,1,0.180464128252618,0.637709341279009,229332.17478434,0.67931714372026,0.0565431482335345,0.183917721319204,-6.32736417853499,0.0778115249043976,122.45990295254,0.461862227536481,57.7507092555814,7
45bE4HXI0AwGZXfZtMp8JR,you broke me first,91,169266,0,['45dkTj5sMRSjrmBSBeiHym'],2020-04-17,0.667,0.373,4,-9.389,1,0.05,0.785,0.0,0.0906,0.0823,124.148,4,1375271.0,"['alt z', 'electropop', 'pop', 'post-teen pop']",Tate McRae,83,pop,1,0.276872832108396,0.628348760934272,216336.259141607,0.611041167095579,0.0252984321067217,0.175072549176497,-6.97741263882268,0.08578437253634,119.649666093626,0.479474178078711,60.7459086908537,1
5YaskwnGDZFDRipaqzbwQx,Your Love (9PM),91,150053,0,"['7jZM5w05mGhw6wTB1okhD9', '0u6GtibW46tFX7koQ6uNJZ', '5Wg2b4Mp42gicxEeDNawf7']",2021-01-15,0.669,0.784,7,-5.603,1,0.112,0.194,6.28e-06,0.115,0.517,125.993,4,17667.0,['scandipop'],A7S,82,scandipop,1,0.3376005105713,0.644231162843005,223247.396030139,0.606091149347729,0.0599881248223122,0.148167369545659,-6.95579942645074,0.080618477282951,121.139461594692,0.469932208726946,67.4989316239316,6
7ytR5pFWmSjzHJIeQkgog4,ROCKSTAR (feat. Roddy Ricch),91,181733,1,"['4r63FhuTkUYltbVAg5TQnk', '757aE44tKEUQEqRuT6GnEB']",2020-04-17,0.746,0.69,11,-7.956,1,0.164,0.247,0.0,0.101,0.497,89.977,4,5988689.0,"['melodic rap', 'rap', 'trap']",Roddy Ricch,88,rap,1,0.146257012502355,0.728287178698836,242422.228699424,0.66967045208239,0.0208346665719535,0.209076741649189,-7.35416547912111,0.204598125420429,116.208870606968,0.553397938986061,52.397892468801,1
7ytR5pFWmSjzHJIeQkgog4,ROCKSTAR (feat. Roddy Ricch),91,181733,1,"['4r63FhuTkUYltbVAg5TQnk', '757aE44tKEUQEqRuT6GnEB']",2020-04-17,0.746,0.69,11,-7.956,1,0.164,0.247,0.0,0.101,0.497,89.977,4,5988689.0,"['melodic rap', 'rap', 'trap']",Roddy Ricch,88,trap,1,0.136282835674064,0.728208371859371,233752.254308739,0.656015948384683,0.0100215785153332,0.203756214117458,-6.56227110602445,0.192501948990849,121.997149315184,0.518231708319794,54.1955772965581,1
5YaskwnGDZFDRipaqzbwQx,Your Love (9PM),91,150053,0,"['7jZM5w05mGhw6wTB1okhD9', '0u6GtibW46tFX7koQ6uNJZ', '5Wg2b4Mp42gicxEeDNawf7']",2021-01-15,0.669,0.784,7,-5.603,1,0.112,0.194,6.28e-06,0.115,0.517,125.993,4,264301.0,"['german dance', 'german techno', 'german trance', 'trance']",ATB,79,trance,0,0.0598807735486351,0.548762734113253,272788.47392761,0.824694024276377,0.385660954688252,0.251088219366178,-6.90147908771352,0.0588684223101005,129.808054654803,0.279583904542209,20.9262838468721,10
2TksvaRivgAEj780DgRB73,911,91,215891,1,['77ziqFxp5gaInVrF2lj4ht'],2021-02-05,0.795,0.655,7,-3.815,1,0.0422,0.076,1.76e-06,0.296,0.744,93.029,4,7865082.0,"['latin', 'panamanian pop', 'reggaeton', 'trap latino']",Sech,89,latin,1,0.30314951879502,0.688008695980562,247082.988875328,0.674301204282947,0.0198279749934128,0.185005253220915,-6.93522495376481,0.0841442411696175,122.501489465984,0.656259460717583,55.585574143177,9
2TksvaRivgAEj780DgRB73,911,91,215891,1,['77ziqFxp5gaInVrF2lj4ht'],2021-02-05,0.795,0.655,7,-3.815,1,0.0422,0.076,1.76e-06,0.296,0.744,93.029,4,7865082.0,"['latin', 'panamanian pop', 'reggaeton', 'trap latino']",Sech,89,reggaeton,1,0.2208037388991,0.739317689389721,267085.752392523,0.725147394098926,0.0223692101980854,0.18768615417369,-6.14823426202384,0.133107290293533,118.56701125386,0.648702400666282,60.3082841276239,1
4saklk6nie3yiGePpBwUoc,Dynamite,91,199054,0,['3Nrfpe0tUJi4K4DXYWgMUX'],2020-11-20,0.746,0.765,6,-4.41,0,0.0993,0.0112,0.0,0.0936,0.737,114.044,4,31623813.0,"['k-pop', 'k-pop boy group']",BTS,96,k-pop,1,0.186775346464876,0.675619960790534,214447.599423066,0.74318729896292,0.00709356847011265,0.191610872435983,-4.43725424668677,0.0880073336861051,118.146366689888,0.591478375295617,63.5566541312825,10
6Im9k8u9iIzKMrmV7BWtlF,34+35,91,173711,1,['66CXWjxzNUsdJxJ2JdwvnR'],2020-10-30,0.83,0.585,0,-6.476,1,0.094,0.237,0.0,0.248,0.485,109.978,4,61301006.0,"['pop', 'post-teen pop']",Ariana Grande,95,pop,1,0.276872832108396,0.628348760934272,216336.259141607,0.611041167095579,0.0252984321067217,0.175072549176497,-6.97741263882268,0.08578437253634,119.649666093626,0.479474178078711,60.7459086908537,1
1diS6nkxMQc3wwC4G1j0bh,We're Good,91,165507,0,['6M2wZ9GZgrQXHCFfjv46we'],2021-02-11,0.722,0.588,6,-5.932,1,0.0544,0.0319,0.0,0.183,0.59,134.01,4,24123468.0,"['dance pop', 'pop', 'uk pop']",Dua Lipa,95,pop,1,0.276872832108396,0.628348760934272,216336.259141607,0.611041167095579,0.0252984321067217,0.175072549176497,-6.97741263882268,0.08578437253634,119.649666093626,0.479474178078711,60.7459086908537,1
5YaskwnGDZFDRipaqzbwQx,Your Love (9PM),91,150053,0,"['7jZM5w05mGhw6wTB1okhD9', '0u6GtibW46tFX7koQ6uNJZ', '5Wg2b4Mp42gicxEeDNawf7']",2021-01-15,0.669,0.784,7,-5.603,1,0.112,0.194,6.28e-06,0.115,0.517,125.993,4,135844.0,"['dance pop', 'edm', 'german dance', 'pop dance', 'pop edm', 'tropical house']",Topic,83,edm,1,0.106526864664142,0.621411099394387,238426.624313663,0.761778313936153,0.154063079192754,0.208694745109686,-5.65388785848828,0.086355307926193,126.244780386431,0.395328203396626,54.733592392671,11
6cx06DFPPHchuUAcTxznu9,Head & Heart (feat. MNEK),91,166028,0,"['6DgP9otnZw5z6daOntINxp', '7uMh23xWiuR7zsNkuNcm2G']",2020-07-03,0.734,0.874,8,-3.158,1,0.0662,0.168,1.14e-05,0.0489,0.905,122.953,4,174167.0,"['dance pop', 'edm', 'house', 'pop dance', 'tropical house', 'uk dance']",Joel Corry,83,edm,1,0.106526864664142,0.621411099394387,238426.624313663,0.761778313936153,0.154063079192754,0.208694745109686,-5.65388785848828,0.086355307926193,126.244780386431,0.395328203396626,54.733592392671,11
6cx06DFPPHchuUAcTxznu9,Head & Heart (feat. MNEK),91,166028,0,"['6DgP9otnZw5z6daOntINxp', '7uMh23xWiuR7zsNkuNcm2G']",2020-07-03,0.734,0.874,8,-3.158,1,0.0662,0.168,1.14e-05,0.0489,0.905,122.953,4,174167.0,"['dance pop', 'edm', 'house', 'pop dance', 'tropical house', 'uk dance']",Joel Corry,83,house,1,0.0964555793195327,0.678788501237524,255684.548094273,0.746817075668035,0.190348310728644,0.196682140660033,-6.39820663027591,0.0745507612207854,123.240104552118,0.480166669862697,50.4776789466711,11
3aQem4jVGdhtg116TmJnHz,What’s Next,91,178154,1,['3TVXtAsR1Inumwj472S9r4'],2021-03-05,0.781,0.594,0,-6.959,0,0.0485,0.0136,0.0,0.162,0.0628,129.895,4,54416812.0,"['canadian hip hop', 'canadian pop', 'hip hop', 'pop rap', 'rap', 'toronto rap']",Drake,98,rap,1,0.146257012502355,0.728287178698836,242422.228699424,0.66967045208239,0.0208346665719535,0.209076741649189,-7.35416547912111,0.204598125420429,116.208870606968,0.553397938986061,52.397892468801,1
7qEHsqek33rTcFNT9PFqLf,Someone You Loved,90,182161,0,['4GNC7GD6oZMSxPGyXy4MNB'],2019-05-17,0.501,0.405,1,-5.679,1,0.0319,0.751,0.0,0.105,0.446,109.891,4,7544862.0,"['pop', 'uk pop']",Lewis Capaldi,86,pop,1,0.276872832108396,0.628348760934272,216336.259141607,0.611041167095579,0.0252984321067217,0.175072549176497,-6.97741263882268,0.08578437253634,119.649666093626,0.479474178078711,60.7459086908537,1
1KixkQVDUHggZMU9dUobgm,My Head & My Heart,90,174760,0,['4npEfmQ6YuiwW1GpUmaq3F'],2020-09-18,0.614,0.934,9,-3.709,0,0.07,0.0697,0.0,0.121,0.436,116.001,4,3284229.0,"['dance pop', 'pop']",Ava Max,86,pop,1,0.276872832108396,0.628348760934272,216336.259141607,0.611041167095579,0.0252984321067217,0.175072549176497,-6.97741263882268,0.08578437253634,119.649666093626,0.479474178078711,60.7459086908537,1
4MzXwWMhyBbmu6hOcLVD49,DÁKITI,90,205090,1,"['4q3ewBCX7sLwd24euuV69X', '0EFisYRi20PTADoJrifHrz']",2020-11-27,0.731,0.573,4,-10.059,0,0.0544,0.401,5.22e-05,0.113,0.145,109.928,4,32244734.0,"['latin', 'reggaeton', 'trap latino']",Bad Bunny,98,latin,1,0.30314951879502,0.688008695980562,247082.988875328,0.674301204282947,0.0198279749934128,0.185005253220915,-6.93522495376481,0.0841442411696175,122.501489465984,0.656259460717583,55.585574143177,9
4MzXwWMhyBbmu6hOcLVD49,DÁKITI,90,205090,1,"['4q3ewBCX7sLwd24euuV69X', '0EFisYRi20PTADoJrifHrz']",2020-11-27,0.731,0.573,4,-10.059,0,0.0544,0.401,5.22e-05,0.113,0.145,109.928,4,32244734.0,"['latin', 'reggaeton', 'trap latino']",Bad Bunny,98,reggaeton,1,0.2208037388991,0.739317689389721,267085.752392523,0.725147394098926,0.0223692101980854,0.18768615417369,-6.14823426202384,0.133107290293533,118.56701125386,0.648702400666282,60.3082841276239,1
2etHQJxIbV0soyPhelVs9Y,Best Friend (feat. Doja Cat),90,155884,1,"['6cK3NBO6uP7hh0oyuVELFl', '5cj0lLjcoR7YOSnhnX0Po5']",2021-01-07,0.84,0.766,4,-4.12,1,0.136,0.00302,3.61e-06,0.0684,0.402,94.018,4,6208117.0,"['dance pop', 'pop', 'pop rap']",Doja Cat,91,pop,1,0.276872832108396,0.628348760934272,216336.259141607,0.611041167095579,0.0252984321067217,0.175072549176497,-6.97741263882268,0.08578437253634,119.649666093626,0.479474178078711,60.7459086908537,1
4Oun2ylbjFKMPTiaSbbCih,WAP (feat. Megan Thee Stallion),90,187541,1,"['4kYSro6naA4h99UJvo89HB', '181bsRPaVXVlUKXrxwZfHK']",2020-08-07,0.935,0.454,1,-7.509,1,0.375,0.0194,0.0,0.0824,0.357,133.073,4,15762250.0,"['pop', 'pop rap', 'post-teen pop', 'rap']",Cardi B,90,pop,1,0.276872832108396,0.628348760934272,216336.259141607,0.611041167095579,0.0252984321067217,0.175072549176497,-6.97741263882268,0.08578437253634,119.649666093626,0.479474178078711,60.7459086908537,1
4Oun2ylbjFKMPTiaSbbCih,WAP (feat. Megan Thee Stallion),90,187541,1,"['4kYSro6naA4h99UJvo89HB', '181bsRPaVXVlUKXrxwZfHK']",2020-08-07,0.935,0.454,1,-7.509,1,0.375,0.0194,0.0,0.0824,0.357,133.073,4,15762250.0,"['pop', 'pop rap', 'post-teen pop', 'rap']",Cardi B,90,rap,1,0.146257012502355,0.728287178698836,242422.228699424,0.66967045208239,0.0208346665719535,0.209076741649189,-7.35416547912111,0.204598125420429,116.208870606968,0.553397938986061,52.397892468801,1
463CkQjx2Zk1yXoBuierM9,Levitating (feat. DaBaby),90,203064,0,"['6M2wZ9GZgrQXHCFfjv46we', '4r63FhuTkUYltbVAg5TQnk']",2020-10-01,0.702,0.825,6,-3.787,0,0.0601,0.00883,0.0,0.0674,0.915,102.977,4,6485079.0,"['north carolina hip hop', 'rap']",DaBaby,93,rap,1,0.146257012502355,0.728287178698836,242422.228699424,0.66967045208239,0.0208346665719535,0.209076741649189,-7.35416547912111,0.204598125420429,116.208870606968,0.553397938986061,52.397892468801,1
079Ey5uxL04AKPQgVQwx5h,Baila Conmigo (with Rauw Alejandro),90,186088,0,"['0C8ZW7ezQVs4URX5aX7Kqx', '1mcTU81TzQhprhouKaTkpq']",2021-03-12,0.823,0.544,5,-7.132,1,0.0715,0.0215,0.00315,0.0966,0.664,149.903,4,26692413.0,"['dance pop', 'pop', 'post-teen pop']",Selena Gomez,89,pop,1,0.276872832108396,0.628348760934272,216336.259141607,0.611041167095579,0.0252984321067217,0.175072549176497,-6.97741263882268,0.08578437253634,119.649666093626,0.479474178078711,60.7459086908537,1
54bFM56PmE4YLRnqpW6Tha,Therefore I Am,90,174321,0,['6qqNVTkY8uBg9cP3Jd7DAH'],2020-11-12,0.889,0.34,11,-7.773,0,0.0697,0.218,0.13,0.055,0.716,94.009,4,41792604.0,"['electropop', 'pop']",Billie Eilish,92,electropop,1,0.180464128252618,0.637709341279009,229332.17478434,0.67931714372026,0.0565431482335345,0.183917721319204,-6.32736417853499,0.0778115249043976,122.45990295254,0.461862227536481,57.7507092555814,7
54bFM56PmE4YLRnqpW6Tha,Therefore I Am,90,174321,0,['6qqNVTkY8uBg9cP3Jd7DAH'],2020-11-12,0.889,0.34,11,-7.773,0,0.0697,0.218,0.13,0.055,0.716,94.009,4,41792604.0,"['electropop', 'pop']",Billie Eilish,92,pop,1,0.276872832108396,0.628348760934272,216336.259141607,0.611041167095579,0.0252984321067217,0.175072549176497,-6.97741263882268,0.08578437253634,119.649666093626,0.479474178078711,60.7459086908537,1
2QjOHCTQ1Jl3zawyYOpxh6,Sweater Weather,90,240400,0,['77SW9BnxLY8rJ0RciFqkHh'],2013-04-19,0.612,0.807,10,-2.81,1,0.0336,0.0495,0.0177,0.101,0.398,124.053,4,5906677.0,"['modern alternative rock', 'modern rock', 'pop', 'shimmer pop']",The Neighbourhood,86,pop,1,0.276872832108396,0.628348760934272,216336.259141607,0.611041167095579,0.0252984321067217,0.175072549176497,-6.97741263882268,0.08578437253634,119.649666093626,0.479474178078711,60.7459086908537,1
31qCy5ZaophVA81wtlwLc4,Anyone,90,190779,0,['1uNFoZAHBGtllmzznpCI3s'],2021-01-01,0.686,0.538,2,-8.026,1,0.0345,0.181,3.13e-06,0.113,0.584,115.884,4,44606973.0,"['canadian pop', 'pop', 'post-teen pop']",Justin Bieber,100,pop,1,0.276872832108396,0.628348760934272,216336.259141607,0.611041167095579,0.0252984321067217,0.175072549176497,-6.97741263882268,0.08578437253634,119.649666093626,0.479474178078711,60.7459086908537,1
463CkQjx2Zk1yXoBuierM9,Levitating (feat. DaBaby),90,203064,0,"['6M2wZ9GZgrQXHCFfjv46we', '4r63FhuTkUYltbVAg5TQnk']",2020-10-01,0.702,0.825,6,-3.787,0,0.0601,0.00883,0.0,0.0674,0.915,102.977,4,24123468.0,"['dance pop', 'pop', 'uk pop']",Dua Lipa,95,pop,1,0.276872832108396,0.628348760934272,216336.259141607,0.611041167095579,0.0252984321067217,0.175072549176497,-6.97741263882268,0.08578437253634,119.649666093626,0.479474178078711,60.7459086908537,1
6fRxMU4LWwyaSSowV441IU,Beautiful Mistakes (feat. Megan Thee Stallion),90,227395,0,"['04gDigrS5kc9YWfZHwBETP', '181bsRPaVXVlUKXrxwZfHK']",2021-03-03,0.713,0.676,10,-5.483,1,0.027,0.0377,0.0,0.154,0.721,99.048,4,30291109.0,"['pop', 'pop rock']",Maroon 5,91,pop,1,0.276872832108396,0.628348760934272,216336.259141607,0.611041167095579,0.0252984321067217,0.175072549176497,-6.97741263882268,0.08578437253634,119.649666093626,0.479474178078711,60.7459086908537,1
61KpQadow081I2AsbeLcsb,deja vu,90,215508,1,['1McMsnEElThX1knmY4oliG'],2021-04-01,0.439,0.61,9,-7.236,1,0.116,0.593,1.07e-05,0.341,0.172,181.088,4,1444702.0,"['pop', 'post-teen pop']",Olivia Rodrigo,88,pop,1,0.276872832108396,0.628348760934272,216336.259141607,0.611041167095579,0.0252984321067217,0.175072549176497,-6.97741263882268,0.08578437253634,119.649666093626,0.479474178078711,60.7459086908537,1
4MzXwWMhyBbmu6hOcLVD49,DÁKITI,90,205090,1,"['4q3ewBCX7sLwd24euuV69X', '0EFisYRi20PTADoJrifHrz']",2020-11-27,0.731,0.573,4,-10.059,0,0.0544,0.401,5.22e-05,0.113,0.145,109.928,4,1917151.0,"['latin', 'reggaeton', 'trap latino']",Jhay Cortez,90,latin,1,0.30314951879502,0.688008695980562,247082.988875328,0.674301204282947,0.0198279749934128,0.185005253220915,-6.93522495376481,0.0841442411696175,122.501489465984,0.656259460717583,55.585574143177,9
4MzXwWMhyBbmu6hOcLVD49,DÁKITI,90,205090,1,"['4q3ewBCX7sLwd24euuV69X', '0EFisYRi20PTADoJrifHrz']",2020-11-27,0.731,0.573,4,-10.059,0,0.0544,0.401,5.22e-05,0.113,0.145,109.928,4,1917151.0,"['latin', 'reggaeton', 'trap latino']",Jhay Cortez,90,reggaeton,1,0.2208037388991,0.739317689389721,267085.752392523,0.725147394098926,0.0223692101980854,0.18768615417369,-6.14823426202384,0.133107290293533,118.56701125386,0.648702400666282,60.3082841276239,1
2etHQJxIbV0soyPhelVs9Y,Best Friend (feat. Doja Cat),90,155884,1,"['6cK3NBO6uP7hh0oyuVELFl', '5cj0lLjcoR7YOSnhnX0Po5']",2021-01-07,0.84,0.766,4,-4.12,1,0.136,0.00302,3.61e-06,0.0684,0.402,94.018,4,1091048.0,"['cali rap', 'dance pop', 'pop', 'pop rap', 'post-teen pop', 'r&b', 'trap queen']",Saweetie,82,pop,1,0.276872832108396,0.628348760934272,216336.259141607,0.611041167095579,0.0252984321067217,0.175072549176497,-6.97741263882268,0.08578437253634,119.649666093626,0.479474178078711,60.7459086908537,1
2etHQJxIbV0soyPhelVs9Y,Best Friend (feat. Doja Cat),90,155884,1,"['6cK3NBO6uP7hh0oyuVELFl', '5cj0lLjcoR7YOSnhnX0Po5']",2021-01-07,0.84,0.766,4,-4.12,1,0.136,0.00302,3.61e-06,0.0684,0.402,94.018,4,1091048.0,"['cali rap', 'dance pop', 'pop', 'pop rap', 'post-teen pop', 'r&b', 'trap queen']",Saweetie,82,r&b,1,0.233348871159165,0.661261288711762,255282.189102732,0.585761575478262,0.013407294202512,0.167639941025081,-7.67984134749186,0.106403015826923,115.908006463022,0.52283955276389,49.4160696729342,1
4Oun2ylbjFKMPTiaSbbCih,WAP (feat. Megan Thee Stallion),90,187541,1,"['4kYSro6naA4h99UJvo89HB', '181bsRPaVXVlUKXrxwZfHK']",2020-08-07,0.935,0.454,1,-7.509,1,0.375,0.0194,0.0,0.0824,0.357,133.073,4,3963838.0,"['houston rap', 'pop', 'pop rap', 'trap queen']",Megan Thee Stallion,88,pop,1,0.276872832108396,0.628348760934272,216336.259141607,0.611041167095579,0.0252984321067217,0.175072549176497,-6.97741263882268,0.08578437253634,119.649666093626,0.479474178078711,60.7459086908537,1
6fRxMU4LWwyaSSowV441IU,Beautiful Mistakes (feat. Megan Thee Stallion),90,227395,0,"['04gDigrS5kc9YWfZHwBETP', '181bsRPaVXVlUKXrxwZfHK']",2021-03-03,0.713,0.676,10,-5.483,1,0.027,0.0377,0.0,0.154,0.721,99.048,4,3963838.0,"['houston rap', 'pop', 'pop rap', 'trap queen']",Megan Thee Stallion,88,pop,1,0.276872832108396,0.628348760934272,216336.259141607,0.611041167095579,0.0252984321067217,0.175072549176497,-6.97741263882268,0.08578437253634,119.649666093626,0.479474178078711,60.7459086908537,1
